raw_skills;;;;;;;;;;;;;;;;;;;;;;;;;;;
['natural language'; ' artificial intelligence'; ' machine learning'; ' matlab'; ' python'; ' r'; ' tensorflow'];;;;;;;;;;;;;;;;;;;;;
['analyst'; ' database'; ' developer'; ' informatica'; ' lifecycle'; ' management'; ' python'; ' sas'; ' security'; ' solr'];;;;;;;;;;;;;;;;;;
['data analytics'; ' data mining and statistical analysis'; ' sql'; ' python'; ' scala'];;;;;;;;;;;;;;;;;;;;;;;
['data science'; ' machine learning'; ' python'; ' tensorflow'; ' nlp'; ' node.js'; ' artificial intelligence'; ' biomedical - data science'; ' machine learning'; ' python'; ' tensorflow'; ' nlp'; ' node.js'; ' artificial intelligence'; ' biomedical'];;;;;;;;;;;;;
['analysis'; ' change management'; ' consulting'; ' data mining'; ' development'; ' excel'; ' html'; ' management'; ' modeling'; ' ms office'; ' programming'; ' python'; ' recruiter'; ' research'; ' sas'];;;;;;;;;;;;;
['machine learning'; ' python'; ' natural language processing'; ' information retrieval'; ' recommender systems'; ' hadoop'; ' spark - machine learning'; ' python'; ' natural language processing'; ' information retrieval'; ' recommender systems'; ' hadoop'; ' spark'];;;;;;;;;;;;;;;
['architect'; ' cloud'; ' business intelligence'; ' transformation'; ' process improvement'; ' strategy'; ' analytics'];;;;;;;;;;;;;;;;;;;;;
['algorithms'; ' analysis'; ' data mining'; ' data modeling'; ' genetic'; ' modeling'; ' oracle'; ' python'; ' sas'; ' sql'; ' sql server'; ' statistical analysis'; ' teradata'];;;;;;;;;;;;;;;
['analysis'; ' architecture'; ' benchmark'; ' business intelligence'; ' c++'; ' data mining'; ' development'; ' java'; ' lifecycle'; ' management'; ' matlab'; ' modeling'; ' python'; ' sales'; ' sql'];;;;;;;;;;;;;
['masters degree with 5 years of experience in creating machine learning pipelines'; ' creating large datasets'; '  unsupervised (clustering)'; ' semi-supervised (label propagation)'; ' and supervised algorithms.'];;;;;;;;;;;;;;;;;;;;;;;
['algorithms'; ' analysis'; ' business requirements'; ' c++'; ' data analysis'; ' gis'; ' hadoop'; ' hardware'; ' java'; ' manager'; ' mysql'; ' mysql'; ' networks'; ' oracle'; ' perl'; ' programming'; ' project'; ' python'; ' sas'; ' security'; ' sql'; ' sql server'; ' supervision'];;;;;
['database'; ' management'; ' python'; ' sql'];;;;;;;;;;;;;;;;;;;;;;;;
['data scientist'];;;;;;;;;;;;;;;;;;;;;;;;;;;
['data science'; ' statistics'; ' machine learning models'; ' deep learning networks'; ' python'; ' spark'; ' pyspark hadoop'; ' spark'; ' redshift'; ' nosql (dynamodb/cassandra/mongodb)'; ' python'; ' r'; ' java'; ' sql'; ' matlab'; ' mathematica'];;;;;;;;;;;;
[''];;;;;;;;;;;;;;;;;;;;;;;;;;;
['data scientist'; ' python'; ' clustering algorithms'; ' machine learning algorithms'; ' neural networks'; ' restful apis'; ' nosql databases - mongodb-couchbase - cassandra'; ' aws- azure'; ' hadoop - hive - pig'; ' c/c++ - data scientist'; ' python'; ' clustering algorithms'; ' machine learning algorithms'; ' neural networks'; ' restful apis'; ' nosql databases - mongodb-couchbase - cassandra'; ' aws- azure'; ' hadoop - hive - pig'; ' c/c++'];;;;;;;;;
['sme in statistics'; ' analytics'; ' big data'; ' data science'; ' machine learning'];;;;;;;;;;;;;;;;;;;;;;;
['python/java/c#'; ' sql'; ' machine learning/data science/data scientist'; ' spark'; ' test ng/selenium'; ' ci/cd/ci-cd/continuous integration/continuous deployment/jenkins'; ' tableau/ raw /chart.js/data visualization'];;;;;;;;;;;;;;;;;;;;;
['algorithms'; ' analysis'; ' analyst'; ' architecture'; ' data analysis'; ' data mining'; ' excel'; ' gis'; ' java'; ' management'; ' mathematical'; ' modeler'; ' programming'; ' python'; ' research'; ' scientific'; ' scripts'; ' supply chain'; ' supply chain management'];;;;;;;;;
['business analyst data scientist r python jira github tableau powerbi statistics'];;;;;;;;;;;;;;;;;;;;;;;;;;;
['r'; ' python'; ' azure'; ' spark or alteryx'; ' sql'];;;;;;;;;;;;;;;;;;;;;;;
['python'; ' java'; ' c++'; ' data science - python'; ' java'; ' c++'; ' data science'];;;;;;;;;;;;;;;;;;;;;
['agile'; ' analysis'; ' architecture'; ' business intelligence'; ' consulting'; ' data analysis'; ' data architecture'; ' database'; ' data warehouse'; ' foundation'; ' hadoop'; ' http'; ' management'; ' modeling'; ' networks'; ' programming'; ' python'; ' sas'; ' sql'];;;;;;;;;
['python'; ' r'; ' sql'; ' machine learning'; ' julia'; ' apache spark - python'; ' r'; ' sql'; ' machine learning'; ' julia'; ' apache spark'];;;;;;;;;;;;;;;;;
['one modern programming language: java'; ' c#'; ' or python and experience with languages/ frameworks used in ml & analytics: spark'; ' r etc.'];;;;;;;;;;;;;;;;;;;;;;;;
['senior  data scientist  with phd'; ' aws'];;;;;;;;;;;;;;;;;;;;;;;;;;
['business analyst and data and sql'];;;;;;;;;;;;;;;;;;;;;;;;;;;
['algorithms'; ' business requirements'; ' database'; ' genetic'; ' mathematical'; ' modeling'; ' physics'; ' project'; ' python'; ' research'];;;;;;;;;;;;;;;;;;
['knowledge of a variety of machine learning and statistical modeling techniques in a business setting'];;;;;;;;;;;;;;;;;;;;;;;;;;;
['aws cloud services: ec2'; ' emr'; ' rds'; ' redshift;;;;;;;;;;;;;;;;;;;;;;;;
['big data'; ' hadoop'];;;;;;;;;;;;;;;;;;;;;;;;;;
['data scientist'; ' senior manager'; ' python'; ' analytics'; ' machine leaning'];;;;;;;;;;;;;;;;;;;;;;;
['phd'; ' cplex'; ' ieor'];;;;;;;;;;;;;;;;;;;;;;;;;
['business process analysis'; ' requirements gathering'; ' documentation'; ' presentation skills'];;;;;;;;;;;;;;;;;;;;;;;;
['data science'; ' deep learning'];;;;;;;;;;;;;;;;;;;;;;;;;;
['machine learning'; ' natural language processing'; ' optimization'; ' nlp'; ' reinforcement learningm probabistic inference'; ' pyton'; ' java'; ' scala'; ' c#'; ' agile'];;;;;;;;;;;;;;;;;;
['scala'; ' sql data engineer'; ' spark'];;;;;;;;;;;;;;;;;;;;;;;;;
['algorithms'; ' artificial intelligence'; ' cisco'; ' hadoop'; ' hardware'; ' micro'; ' mongodb'; ' networking'; ' project'; ' python'];;;;;;;;;;;;;;;;;;
[''];;;;;;;;;;;;;;;;;;;;;;;;;;;
['data scientist'; ' apache spark or kubernetes or hortonworks or hadoop'];;;;;;;;;;;;;;;;;;;;;;;;;;
['data science'; ' python'; ' hadoop'];;;;;;;;;;;;;;;;;;;;;;;;;
['data scientist'; 'python'; ' slq'; ''];;;;;;;;;;;;;;;;;;;;;;;;
['watson'; ' watson discovery'; ' python'; ' apache spark'; ' spss'; ' watson data studio'];;;;;;;;;;;;;;;;;;;;;;
['.net'; ' algorithms'; ' analysis'; ' asp'; ' asp.net'; ' automated'; ' c#'; ' css'; ' data analysis'; ' database'; ' data collection'; ' development'; ' jquery'; ' management'; ' mathematical'; ' modeling'; ' oracle'; ' programming'; ' python'; ' sas'; ' ups'; ' validation'];;;;;;
['python'];;;;;;;;;;;;;;;;;;;;;;;;;;;
['data science;;;;;;;;;;;;;;;;;;;;;;;;;;;
['data analyst'; ' data scientist'; ' erp'; ' sap'; ' mdm'];;;;;;;;;;;;;;;;;;;;;;;
['machine learning and tensorflow and statistical model'];;;;;;;;;;;;;;;;;;;;;;;;;;;
['azure cloud engineer'];;;;;;;;;;;;;;;;;;;;;;;;;;;
['phd'; ' machine learning'; ' deep learning'; ' python'; ' phd'];;;;;;;;;;;;;;;;;;;;;;;
['business intelligence engineer iii'];;;;;;;;;;;;;;;;;;;;;;;;;;;
['hadoop'; ' spark'; ' machine learning'; ' r studio'];;;;;;;;;;;;;;;;;;;;;;;;
['saas'; ' 7 years of progressively increasing responsibilities (marketing'; ' sales or product development function) within a data driven organization'];;;;;;;;;;;;;;;;;;;;;;;;;
['agile'; ' analysis'; ' database'; ' manager'; ' olap'; ' programming'; ' python'; ' research'; ' scrum'; ' sql'];;;;;;;;;;;;;;;;;;
['business analyst'];;;;;;;;;;;;;;;;;;;;;;;;;;;
['financial industry'; ' statistics'; ' data modeling'];;;;;;;;;;;;;;;;;;;;;;;;;
['machine learning'; ' android'; ' python or java'; ' image processing'; ' algorithms - machine learning'; ' android'; ' python or java'; ' image processing'; ' algorithms'];;;;;;;;;;;;;;;;;;;
['python'; ' ai'; ' visualization'; ' crm - python'; ' ai'; ' visualization'; ' crm'];;;;;;;;;;;;;;;;;;;;;
['python'; ' machine learning'; ' natural language processing'; ' information retrieval'; ' or recommender systems'; ' big data'];;;;;;;;;;;;;;;;;;;;;;
['data science'; ' leadership'; ' management'; ' life science - data science'; ' leadership'; ' management'; ' life science'];;;;;;;;;;;;;;;;;;;;;
['machine learning'; ' algorithms'; ' statistical analysis'; ' regression'; ' big data'; ' analytics'];;;;;;;;;;;;;;;;;;;;;;
['algorithms'; ' analysis'; ' development'; ' hadoop'; ' libraries'; ' modeling'; ' python'; ' statistical analysis'; ' testing'];;;;;;;;;;;;;;;;;;;
['nlp'];;;;;;;;;;;;;;;;;;;;;;;;;;;
['algorithms'; ' analysis'; ' apache'; ' data analysis'; ' development'; ' hadoop'; ' java'; ' management'; ' matlab'; ' perl'; ' python'; ' research'; ' scientific'; ' security'; ' sql'];;;;;;;;;;;;;
['data science'; ' python'; ' r'; ' java'; ' matlab'; ' spark'; ' mapreduce'; ' hive'];;;;;;;;;;;;;;;;;;;;
['analysis'; ' analyst'; ' architecture'; ' database'; ' research'; ' sas'; ' security'; ' statistical analysis'];;;;;;;;;;;;;;;;;;;;
['data science'; ' r'; ' python - data science'; ' r'; ' python'];;;;;;;;;;;;;;;;;;;;;;;
['automated'; ' environmental'; ' genetics'; ' modeling'; ' programming'; ' project'; ' python'; ' qa'; ' scientific'; ' scripts'];;;;;;;;;;;;;;;;;;
['java'; ' scala'; ' aws'; ' big data'];;;;;;;;;;;;;;;;;;;;;;;;
['data scientist'; ' python'; ' predictive model'];;;;;;;;;;;;;;;;;;;;;;;;;
['data science'; ' python'; ' scikit.learn'; ' virtual environments'; ' bayesian inference'; ' machine learning algorithms'; ' prior teaching experience (not essential) - data science'; ' python'; ' scikit.learn'; ' virtual environments'; ' bayesian inference'; ' machine learning algorithms'; ' prior teaching experience (not essential)'];;;;;;;;;;;;;;;
['data scientist'];;;;;;;;;;;;;;;;;;;;;;;;;;;
['automated'; ' business intelligence'; ' development'; ' hadoop'; ' java'; ' modeling'; ' physics'; ' programming'; ' project'; ' python'; ' research'; ' sas'; ' sales'; ' sql'; ' testing'];;;;;;;;;;;;;
['data scientist'; ' bigdata'; ' predictive modeling'];;;;;;;;;;;;;;;;;;;;;;;;;
['data analytics'; ' data scientist'];;;;;;;;;;;;;;;;;;;;;;;;;;
['data science'];;;;;;;;;;;;;;;;;;;;;;;;;;;
['bi'; ' tableau'; ' cognos'; ' sql server'; ''];;;;;;;;;;;;;;;;;;;;;;;
['5+ years of experience in a similar role and experience in web attribution analytics.'];;;;;;;;;;;;;;;;;;;;;;;;;;;
['algorithms'; ' analysis'; ' analyst'; ' api'; ' artificial intelligence'; ' automated'; ' case'; ' c++'; ' crm'; ' database'; ' data mining'; ' data warehouse'; ' development'; ' java'; ' libraries'; ' management'; ' metrics'; ' networks'; ' python'; ' research'; ' sas'; ' sales'; ' security'; ' simulation'; ' statistical analysis'];;;
['data scientist data pipeline modeling data engineer r sas python spark machine learning'];;;;;;;;;;;;;;;;;;;;;;;;;;;
['.net'; ' algorithms'; ' analysis'; ' asp'; ' asp.net'; ' automated'; ' c#'; ' css'; ' data analysis'; ' database'; ' data collection'; ' development'; ' jquery'; ' management'; ' mathematical'; ' modeling'; ' oracle'; ' programming'; ' python'; ' sas'; ' security'; ' ups'; ' validation'];;;;;
['data-science'; ' analytics'; ' machine-learning'; ' life-sciences'; ' programming'; ' algorithms'; ' visualization'; ' predictive-analytics'; ' modeling-and-simulation'; ' bayesian-statistics'; ' artificial-intelligence'];;;;;;;;;;;;;;;;;
['data scientist'];;;;;;;;;;;;;;;;;;;;;;;;;;;
['sas'; ' python'; ' r'; ' statistics'];;;;;;;;;;;;;;;;;;;;;;;;
['machine learning'; ' data science'; ' r'; ' python'];;;;;;;;;;;;;;;;;;;;;;;;
['sas programming'; ' sas/stat'; ' sas enterprise miner'];;;;;;;;;;;;;;;;;;;;;;;;;
[''];;;;;;;;;;;;;;;;;;;;;;;;;;;
['data science'; ' r'; ' sql'; ' python'; ' nlp - data science'; ' r'; ' sql'; ' python'; ' nlp'];;;;;;;;;;;;;;;;;;;
['hdfs/ hive/ impala'; ' network/ security'; ' development(java)'; ' bi'];;;;;;;;;;;;;;;;;;;;;;;;
['data scientist'; ' insurance'];;;;;;;;;;;;;;;;;;;;;;;;;;
['data scientist'];;;;;;;;;;;;;;;;;;;;;;;;;;;
['algorithms'; ' analysis'; ' data analysis'; ' data mining'; ' foundation'; ' genetic'; ' metrics'; ' python'];;;;;;;;;;;;;;;;;;;;
['data science'; ' python'; ' sql'; ' nlp - data science'; ' python'; ' sql'; ' nlp'];;;;;;;;;;;;;;;;;;;;;
[''];;;;;;;;;;;;;;;;;;;;;;;;;;;
[''];;;;;;;;;;;;;;;;;;;;;;;;;;;
['data scientist'; ' machine learning'; ' nlp'; ' deep learning'; ' python'; ' julia'; ' r'; ' hadoop'; ' spark'; ' ai - data scientist'; ' machine learning'; ' nlp'; ' deep learning'; ' python'; ' julia'; ' r'; ' hadoop'; ' spark'; ' ai'];;;;;;;;;
['data science'; ' statistics'; ' machine learning'];;;;;;;;;;;;;;;;;;;;;;;;;
['at least 2 to 4 years professional experience in nlp'; ' ai/ml'; ' jquery/javascript programming (including scripting / coding)'; ' sql and relational databases'; ' and application development'];;;;;;;;;;;;;;;;;;;;;;;
['python'; ' scala'; ' r'];;;;;;;;;;;;;;;;;;;;;;;;;
['ruby on rails / ror / ruby / rails'; ' sql'; ' javascript'; ' postgresql'; ' aws'; ' rest'; ' soap - ruby on rails / ror / ruby / rails'; ' sql'; ' javascript'; ' postgresql'; ' aws'; ' rest'; ' soap'];;;;;;;;;;;;;;;
['machine learning python sql / nosql databases'; ' elasticsearch'];;;;;;;;;;;;;;;;;;;;;;;;;;
['python'; ' r'; ' analytics'; ' predictive analytics'];;;;;;;;;;;;;;;;;;;;;;;;
['r/python programming'; ' spark'; ' h2o or azure ml'; ' statistics'];;;;;;;;;;;;;;;;;;;;;;;;
['api'; ' database'; ' ibm'; ' java'; ' oracle'; ' python'; ' research'; ' teradata'];;;;;;;;;;;;;;;;;;;;
['python'; ' pandas'; ' numpy'; ' scipy'; ' scikit-learn'; ' go'];;;;;;;;;;;;;;;;;;;;;;
['algorithms'; ' analysis'; ' automated'; ' business requirements'; ' data analysis'; ' database'; ' data mining'; ' db2'; ' development'; ' management'; ' mathematical'; ' metrics'; ' modeling'; ' mysql'; ' mysql'; ' oracle'; ' research'; ' sap'; ' sas'; ' sql'; ' sql server'; ' teradata'; ' testing'];;;;;
['algorithms'; ' analysis'; ' analyst'; ' api'; ' artificial intelligence'; ' automated'; ' case'; ' c++'; ' crm'; ' database'; ' data mining'; ' data warehouse'; ' development'; ' java'; ' libraries'; ' management'; ' metrics'; ' networks'; ' python'; ' research'; ' sas'; ' sales'; ' security'; ' simulation'; ' statistical analysis'];;;
['algorithms'; ' analysis'; ' automated'; ' data analysis'; ' database'; ' data collection'; ' development'; ' management'; ' modeling'; ' programming'; ' scripts'; ' security'; ' ups'; ' validation'];;;;;;;;;;;;;;
['data science'; ' data scientist'; ' data analytics'; ' machine learning'; ''];;;;;;;;;;;;;;;;;;;;;;;
['agile'; ' applied research'; ' dce'; ' development'; ' hadoop'; ' java'; ' management'; ' metrics'; ' perl'; ' python'; ' research'; ' ruby'; ' tdd'; ' testing'];;;;;;;;;;;;;;
['data science'; ' digital analytics'; ' r'; ' python'; ' predictive modeling'; ' algorithm'];;;;;;;;;;;;;;;;;;;;;;
['hadoop'; 'python'; 'node'; '.net'; 'r '; 'spark'; 'api'; 'machine learning'];;;;;;;;;;;;;;;;;;;;
['algorithms'; ' analysis'; ' artificial intelligence'; ' business objects'; ' data analysis'; ' data mining'; ' development'; ' director'; ' environmental'; ' hadoop'; ' java'; ' javascript'; ' modeling'; ' mysql'; ' mysql'; ' networks'; ' python'; ' sas'; ' simulation'; ' sql'; ' testing'];;;;;;;
['r'; ' python'; ' machine learning (ml)'];;;;;;;;;;;;;;;;;;;;;;;;;
['data scientist'];;;;;;;;;;;;;;;;;;;;;;;;;;;
['data scientist'; ' sql'; ' python'];;;;;;;;;;;;;;;;;;;;;;;;;
['java'; ' big data'; ' hadoop'; ' django'; ' spark'; ' c++'; ' data science'; ' nosql'; ' python'; ' celery - java'; ' big data'; ' hadoop'; ' django'; ' spark'; ' c++'; ' data science'; ' nosql'; ' python'; ' celery'];;;;;;;;;
['algorithm'; ' architecture'; ' artificial intelligence'; ' database'; ' java'; ' micro'; ' programming'; ' python'; ' research'; ' software engineer'];;;;;;;;;;;;;;;;;;
['bi engineer/data scientist'];;;;;;;;;;;;;;;;;;;;;;;;;;;
['business process analysis'; ' requirements gathering'; ' documentation'; ' presentation skills'];;;;;;;;;;;;;;;;;;;;;;;;
['algorithms'; ' analysis'; ' database'; ' data mining'; ' gis'; ' java'; ' javascript'; ' modeling'; ' physics'; ' programming'; ' python'; ' rational'; ' research'; ' scientific'; ' sql'];;;;;;;;;;;;;
['etl'; 'python'; 'linux'; 'data warehousing'; 'shell scripting'; 'kdb'; 'data engineering'; 'data science/ai/machine learning'];;;;;;;;;;;;;;;;;;;;
['data science'; ' python'; ' r'; ' sql'; ' agile'];;;;;;;;;;;;;;;;;;;;;;;
['data scientist'; ' machine learning'; ' nlp'; ' deep learning'; ' python'; ' julia'; ' r'; ' hadoop'; ' spark'; ' ai - data scientist'; ' machine learning'; ' nlp'; ' deep learning'; ' python'; ' julia'; ' r'; ' hadoop'; ' spark'; ' ai'];;;;;;;;;
['machine learning '; ' nlp'; ' python'; ' sql'];;;;;;;;;;;;;;;;;;;;;;;;
['algorithms'; ' analysis'; ' analyst'; ' data analysis'; ' data collection'; ' hadoop'; ' lifecycle'; ' python'];;;;;;;;;;;;;;;;;;;;
['analysis'; ' analytical'; ' data mining'; ' director'; ' excel'; ' it'; ' mathematical'; ' programming'; ' python'; ' sas'; ' sql'; ' vba'];;;;;;;;;;;;;;;;
['machine learning'; ''];;;;;;;;;;;;;;;;;;;;;;;;;;
['python'; ' r'; ' tensorflow'; ' sql'; ' hive'; ' spark'; ' natural language processing'; ' tableau'; ' image analytics - python'; ' r'; ' tensorflow'; ' sql'; ' hive'; ' spark'; ' natural language processing'; ' tableau'; ' image analytics'];;;;;;;;;;;
['analysis'; ' business requirements'; ' foundation'; ' hadoop'; ' modeling'; ' programming'; ' python'; ' research'; ' security'; ' testing'; ' validation'];;;;;;;;;;;;;;;;;
['marketing technologies'; ' pre-sales engineering'; ' consulting'; ' adobe marketing suite'; ' salesforce marketing suite'; ' oracle marketing suite - marketing technologies'; ' pre-sales engineering'; ' consulting'; ' adobe marketing suite'; ' salesforce marketing suite'; ' oracle marketing suite'];;;;;;;;;;;;;;;;;
['algorithms'; ' analysis'; ' database'; ' data mining'; ' data modeling'; ' developer'; ' development'; ' mathematical'; ' modeling'; ' mongodb'; ' oracle'; ' postgresql'; ' programming'; ' protocols'; ' research'; ' scientific'; ' scripts'; ' testing'];;;;;;;;;;
['data scientist'; ' ai and ml models'; ' python'; ' pyspark'; ' r'; ' and scala'];;;;;;;;;;;;;;;;;;;;;;
['object oriented programming'; ' python'; ' java'; ' sql'; ' javascript'; ' nlp'; ' typescript'; ' data science'; ' modeling'; ' algorithms'];;;;;;;;;;;;;;;;;;
['(digital tag over 0.2 year(s) or tag management over 0.2 year(s) or tagging over 0.2 year(s) or tealium over 0.2 year(s) or piwik pro over 0.2 year(s) or pixel over 0.2 year(s) or qubit over 0.2 year(s) or opentag over 0.2 year(s) or open tag over 0.2 year(s) or ensighten over 0.2 year(s) or google tag over 0.2 year(s) or dynamic tag management over 0.2 year(s) or tag commander over 0.2 year(s) or mezzobit over 0.2 year(s) or supertag over 0.2 year(s) or super tag over 0.2 year(s) or tag defender over 0.2 year(s) or ubertags over 0.2 year(s) or ddx over 0.2 year(s) ) and(analytics over 0.2 year(s) or data scientist over 0.2 year(s) or informatics over 0.2 year(s) ) and(javascript over 0.2 year(s) or java script over 0.2 year(s) or html over 0.2 year(s) )'];;;;;;;;;;;;;;;;;;;;;;;;;;;
['data scientist'; ' ai.ml'; ' python'; ' sklearn'; ' apache'; ' splunk'; ' spark'; ' java'; ' oracle'; ' linux'; ' unix'];;;;;;;;;;;;;;;;;
['data scientist machine learning statistics r python c# java scala'];;;;;;;;;;;;;;;;;;;;;;;;;;;
['9+ years of demonstrated experience leading teams'; ' with thorough knowledge of business intelligence and analytics'; ' process improvement'; ' organization transformation'; ' and/or business strategy developm'];;;;;;;;;;;;;;;;;;;;;;;
['administration'];;;;;;;;;;;;;;;;;;;;;;;;;;;
['algorithms'; ' database'; ' data mining'; ' development'; ' ibm'; ' management'; ' metrics'; ' modeling'; ' python'; ' sql'];;;;;;;;;;;;;;;;;;
['hadoop'; ' spark'; ' python'; ' data science'];;;;;;;;;;;;;;;;;;;;;;;;
['r'; ' python'; ' python tools'; ' machine learning'; ' artificial intelligence'; ' ai - r'; ' python'; ' python tools'; ' machine learning'; ' artificial intelligence'; ' ai'];;;;;;;;;;;;;;;;;
['analysis'; ' architecture'; ' business requirements'; ' crm'; ' db2'; ' hadoop'; ' ibm'; ' java'; ' linux'; ' management'; ' metrics'; ' mongodb'; ' mysql'; ' mysql'; ' nosql'; ' oracle'; ' postgresql'; ' python'; ' security'; ' sql'; ' sql server'; ' windows'];;;;;;
['senior data scientist '; ' big data ecosystem'; ' hadoop'; ' spark'; ' mapreduce'; ' sql'; ' hive'; ' r'; ' python'; ' c++'; ' java'; ' scala'; ' keras'; ' tensorflow'; ' data visualization'; ' data management systems'];;;;;;;;;;;;
['analysis'; ' artificial intelligence'; ' development'; ' embedded'; ' graphics'; ' java'; ' management'; ' matlab'; ' networks'; ' python'; ' user interface'];;;;;;;;;;;;;;;;;
['python software developer background;;;;;;;;;;;;;;;;;;;;;;;;;;;
['sql'; ' rdms'; ' sosql'; ' api'; ' r'; ' python'; ' linux'; ' bash'; ' apache spark'; ' aws'; ' azure'; ' tensorflow'; ' keras'; ' caffe'; ' git'; ' data scientist'; ' data engineer'; ' agile'];;;;;;;;;;
['r'; ' python'; ' azure machine learning'; ' sas'; ' datarobot'; ' rapidminer'];;;;;;;;;;;;;;;;;;;;;;
['data scientist'];;;;;;;;;;;;;;;;;;;;;;;;;;;
['quantitative researcher-equities'];;;;;;;;;;;;;;;;;;;;;;;;;;;
['analysis'; ' analyst'; ' architecture'; ' database'; ' programming'; ' research'; ' sas'; ' security'];;;;;;;;;;;;;;;;;;;;
['data science'; ' machine learning'; ' python'; ' nlp'; ' tensorflow'];;;;;;;;;;;;;;;;;;;;;;;
['algorithm'; ' algorithms'; ' analysis'; ' data analysis'; ' development'; ' hadoop'; ' java'; ' jdbc'; ' linux'; ' physics'; ' python'; ' ruby'; ' soap'; ' solr'; ' windows'; ' xml'; ' xslt'];;;;;;;;;;;
['algorithms'; ' analysis'; ' artificial intelligence'; ' automated'; ' management'; ' modeling'; ' security'; ' statistical analysis'; ' testing'];;;;;;;;;;;;;;;;;;;
['hadoop'; ' programming'; ' python'];;;;;;;;;;;;;;;;;;;;;;;;;
['python/r/sas'];;;;;;;;;;;;;;;;;;;;;;;;;;;
['machine learning'; ' data scientist'; ' statistics'];;;;;;;;;;;;;;;;;;;;;;;;;
['domino'; ' laboratory'; ' libraries'; ' mathematical'; ' mathematical models'; ' modeling'; ' python'];;;;;;;;;;;;;;;;;;;;;
[''];;;;;;;;;;;;;;;;;;;;;;;;;;;
['computer vision'; ' deep learning'; ' machine learning'; ' masters or phd'; ' 2 years industry exp'; ' python'; ' open source ml & dl frameworks - computer vision'; ' deep learning'; ' machine learning'; ' masters or phd'; ' 2 years industry exp'; ' python'; ' open source ml & dl frameworks'];;;;;;;;;;;;;;;
['algorithms'; ' analysis'; ' analyst'; ' api'; ' artificial intelligence'; ' automated'; ' case'; ' c++'; ' crm'; ' database'; ' data mining'; ' data warehouse'; ' development'; ' java'; ' libraries'; ' management'; ' metrics'; ' networks'; ' python'; ' research'; ' sas'; ' sales'; ' security'; ' simulation'; ' statistical analysis'];;;
['algorithms'; ' analysis'; ' architecture'; ' c++'; ' development'; ' hadoop'; ' java'; ' programming'; ' python'; ' software engineer'];;;;;;;;;;;;;;;;;;
['data science'; ' predictive analytics'; ' business concepts'; ' r'; ' python'; ' sas'; ' machine learning'];;;;;;;;;;;;;;;;;;;;;
['python'; ' data pipelining'; ' data engineering'; ' r'; ' tableau - python'; ' data pipelining'; ' data engineering'; ' r'; ' tableau'];;;;;;;;;;;;;;;;;;;
['pydata'; ' pandas'; ' python'; ' numpy'; ' scipy'; ' scikit-learn'; ' spark'; ' golang'; ' java'];;;;;;;;;;;;;;;;;;;
['algorithms'; ' analysis'; ' automated'; ' data analysis'; ' data collection'; ' data mining'; ' data modeling'; ' excel'; ' iterative'; ' metrics'; ' modeling'; ' python'; ' sql'; ' statistical analysis'];;;;;;;;;;;;;;
['etl development'; ' data warehouse'; ' python'; ' linux os'; ' shell scripting'; ' financial experience'];;;;;;;;;;;;;;;;;;;;;;
['api'; ' database'; ' ibm'; ' java'; ' management'; ' mathematical'; ' oracle'; ' programming'; ' python'; ' research'; ' scheduling'; ' teradata'];;;;;;;;;;;;;;;;
[''];;;;;;;;;;;;;;;;;;;;;;;;;;;
['data scientist'];;;;;;;;;;;;;;;;;;;;;;;;;;;
['algorithms'; ' analysis'; ' business objects'; ' data analysis'; ' database'; ' data collection'; ' data mining'; ' data modeling'; ' development'; ' hadoop'; ' java'; ' javascript'; ' modeling'; ' mysql'; ' mysql'; ' networks'; ' programming'; ' python'; ' research'; ' simulation'; ' software engineer'; ' sql'; ' testing'; ' validation'];;;;
['algorithms'; ' analysis'; ' apache'; ' api'; ' data analysis'; ' data mining'; ' hadoop'; ' java'; ' linux'; ' modeling'; ' mysql'; ' mysql'; ' oracle'; ' python'; ' sql'; ' sql server'; ' telecommunications'; ' teradata'; ' wireless'];;;;;;;;;
['adobe'; ' analysis'; ' development'; ' html'; ' javascript'; ' management'; ' perl'; ' research'; ' scripts'; ' security'; ' sql'; ' ups'];;;;;;;;;;;;;;;;
['machine learning'; ' data mining'; ' sas'; ' spss'; ' r'; ' python'];;;;;;;;;;;;;;;;;;;;;;
['access'; ' analysis'; ' analytical'; ' analytical skills'; ' consulting'; ' data analysis'; ' excel'; ' it'; ' lifecycle'; ' management'; ' materials'; ' project'; ' python'; ' research'; ' scripts'; ' software'; ' telecom'];;;;;;;;;;;
['sql'; ' python'; ' r'; ' etl'; ' statistics'; ' econometrics'; ' regressions'; ' hypothesis testing'; ' large data sets'; ' experimental design - sql'; ' python'; ' r'; ' etl'; ' statistics'; ' econometrics'; ' regressions'; ' hypothesis testing'; ' large data sets'; ' experimental design'];;;;;;;;;
['data scientist'; 'machine learning'; 'tensorflow'];;;;;;;;;;;;;;;;;;;;;;;;;
[''];;;;;;;;;;;;;;;;;;;;;;;;;;;
['jr data scientist'];;;;;;;;;;;;;;;;;;;;;;;;;;;
['marketing data scientist/analyst'];;;;;;;;;;;;;;;;;;;;;;;;;;;
['python'; ' scikit'; ' numpy'; ' devops'; ' machine learning'; ' big data'; ' nlp'; ' tensorflow'];;;;;;;;;;;;;;;;;;;;
['digital marketing'; ' machine learning'; ' data science'];;;;;;;;;;;;;;;;;;;;;;;;;
['algorithm'; ' algorithms'; ' analysis'; ' blueprint'; ' database'; ' data mining'; ' data modeling'; ' development'; ' hadoop'; ' java'; ' management'; ' modeling'; ' mongodb'; ' mysql'; ' mysql'; ' nosql'; ' oracle'; ' perl'; ' postgresql'; ' python'; ' research'; ' sap'; ' sas'; ' sql'; ' sql server'; ' statistical analysis'; ' teradata'; ' testing']
['algorithms'; ' business requirements'; ' database'; ' director'; ' genetic'; ' manager'; ' mathematical'; ' modeling'; ' networks'; ' physics'; ' project'; ' python'; ' research'];;;;;;;;;;;;;;;
['algorithms'; ' analysis'; ' artificial intelligence'; ' automated'; ' metrics'; ' modeling'; ' security'; ' statistical analysis'; ' testing'];;;;;;;;;;;;;;;;;;;
['statistical modeling'; ' machine learning'; ' nlp'];;;;;;;;;;;;;;;;;;;;;;;;;
['agile'; ' analysis'; ' apache'; ' architecture'; ' artificial intelligence'; ' consulting'; ' data mining'; ' data modeling'; ' development'; ' hadoop'; ' java'; ' lifecycle'; ' management'; ' modeling'; ' networks'; ' programming'; ' python'; ' research'; ' scientific'; ' security'; ' simulation'; ' testing'];;;;;;
['data scientist'; ' machine learning'; ' recommendation'];;;;;;;;;;;;;;;;;;;;;;;;;
['data modeling'; ' analytics'; ' statistics'; ' python'; ' sql'; ' mach'];;;;;;;;;;;;;;;;;;;;;;
['algorithm'; ' analysis'; ' data analysis'; ' data mining'; ' development'; ' embedded'; ' management'; ' python'; ' sql'];;;;;;;;;;;;;;;;;;;
['data modeling'; ' modeling'; ' python'; ' sas'];;;;;;;;;;;;;;;;;;;;;;;;
['algorithms'; ' analysis'; ' data analysis'; ' data mining'; ' development'; ' java'; ' javascript'; ' modeling'; ' networks'; ' python'; ' simulation'; ' testing'];;;;;;;;;;;;;;;;
['data scientist'; ' gcp'; ' python'; ' r'];;;;;;;;;;;;;;;;;;;;;;;;
['data science '; ' python'; ' spark '; 'data streaming'; ' machine learning tools like spark mlib'; ' lambda tier'; ' mahout'; ' sas'; ' spss or even r'; ' sql'; ''];;;;;;;;;;;;;;;;;
['big data management tools i.e. informatica bdm/idl/eic/idq'; ' conceptual and logical data modeling'];;;;;;;;;;;;;;;;;;;;;;;;;;
['operations research'; ' bayesian hierarchical modeling'; ' machine learning'; ' statistical regression'; ' python'; ' c++ - operations research'; ' bayesian hierarchical modeling'; ' machine learning'; ' statistical regression'; ' python'; ' c++'];;;;;;;;;;;;;;;;;
['algorithm'; ' analysis'; ' data mining'; ' development'; ' management'; ' modeling'; ' networks'; ' programming'; ' python'; ' sas'; ' simulation'];;;;;;;;;;;;;;;;;
['data scientist'; ' r'; ' python'; ' statistical computer language'; ' slq'];;;;;;;;;;;;;;;;;;;;;;;
['aws'; ' sql'; ' hadoop'; ' algorithms'; ' machine learning'; ' data mining'; ' python - aws'; ' sql'; ' hadoop'; ' algorithms'; ' machine learning'; ' data mining'; ' python'];;;;;;;;;;;;;;;
['analysis'; ' analyst'; ' data analysis'; ' excel'; ' genetic'; ' hadoop'; ' ms office'; ' python'; ' research'; ' sas'; ' sql'; ' statistical analysis'];;;;;;;;;;;;;;;;
['agile'; ' applied research'; ' architecture'; ' dce'; ' development'; ' hadoop'; ' java'; ' management'; ' metrics'; ' perl'; ' project'; ' python'; ' research'; ' ruby'; ' tdd'; ' testing'];;;;;;;;;;;;
['ai'; ' machine learning'; ' data science'; ' python'; ' java'; ' linux'; ' unix'];;;;;;;;;;;;;;;;;;;;;
['big data'; ' algorithms'; ' ai'; ' predictive analytics'; ' distributed computing - big data'; ' algorithms'; ' ai'; ' predictive analytics'; ' distributed computing'];;;;;;;;;;;;;;;;;;;
['bi dashboards'; ' microsoft powerbi'; ' tableau'; ' data science'; ' computer science'; ' statistics'; ' operations research'; ' mathematics'; ' python'; ' r'; ' scala'; ' sql'; ' matlab'; ' stanford corenlp'; ' nltk'; ' spacy'; ' pytorch'; ' hadoop'];;;;;;;;;;
['python'; ' r'; ' hadoop'; ' nosql'; ' hive'; ' pig - python'; ' r'; ' hadoop'; ' nosql'; ' hive'; ' pig'];;;;;;;;;;;;;;;;;
['fintech exp'];;;;;;;;;;;;;;;;;;;;;;;;;;;
['dynamic pricing'; ' avionics'; ' statistical modelers'; ' marketing/advertising analytics'; ' machine learning - dynamic pricing'; ' avionics'; ' statistical modelers'; ' marketing/advertising analytics'; ' machine learning'];;;;;;;;;;;;;;;;;;;
['sql server;;;;;;;;;;;;;;;;;;;;;;;;;;;
['sr data scientist'];;;;;;;;;;;;;;;;;;;;;;;;;;;
['data'; ' scientist'; ' rwd'];;;;;;;;;;;;;;;;;;;;;;;;;
['full relocation package'];;;;;;;;;;;;;;;;;;;;;;;;;;;
['python r scala sql'];;;;;;;;;;;;;;;;;;;;;;;;;;;
['data science'; ' statistics'; ' machine learning models'; ' deep learning networks'; ' python'; ' spark'; ' pyspark'];;;;;;;;;;;;;;;;;;;;;
['algorithms'; ' analyst'; ' business requirements'; ' management'; ' python'; ' research'; ' software engineer'; ' testing'];;;;;;;;;;;;;;;;;;;;
['business intelligence'; ' business requirements'; ' cognos'; ' customer service'; ' database'; ' data modeling'; ' development'; ' director'; ' excel'; ' management'; ' modeling'; ' project'; ' project management'; ' sas'; ' sql'; ' sql server'; ' testing'];;;;;;;;;;;
['civil'; ' developer'; ' java'; ' management'; ' perl'; ' python'; ' recruiter'; ' ruby'];;;;;;;;;;;;;;;;;;;;
['ms sql'; ' python'; ' r'; ' hadoop'; ' aws'];;;;;;;;;;;;;;;;;;;;;;;
['analysis'; ' analyst'; ' architecture'; ' automated'; ' database'; ' excel'; ' java'; ' management'; ' mathematical'; ' modeling'; ' programming'; ' python'; ' release'; ' research'; ' scientific'; ' supply chain'; ' supply chain management'];;;;;;;;;;;
['big data/hadoop'; 'datawarehouse'; 'reporting&etl'; 'sql'; 'data pipelines'; ''];;;;;;;;;;;;;;;;;;;;;;
[''];;;;;;;;;;;;;;;;;;;;;;;;;;;
['analysis'; ' development'; ' libraries'; ' modeling'; ' networks'; ' programming'; ' python'; ' scripts'; ' statistical analysis'];;;;;;;;;;;;;;;;;;;
['data scientist'; 'python'; 'pyspark'; ' tensorflow'; ' spark'];;;;;;;;;;;;;;;;;;;;;;;
['ruby on rails'; ' sql'; ' javascript'; ' postgresql'; ' aws'; ' rest'; ' soap - ruby on rails'; ' sql'; ' javascript'; ' postgresql'; ' aws'; ' rest'; ' soap'];;;;;;;;;;;;;;;
['expertise/experience working on cloud platforms - pivotal cloud foundry and public cloud aws/azure/google cloud.   should have hands on experience configuring and onboarding users including developer'];;;;;;;;;;;;;;;;;;;;;;;;;;;
['software engineer - data engineer - sql'; ' nosql'; ' mongodb'; ' hbase'; ' cassandra'; ' couchbase programming'; ' python'; ' javascript'];;;;;;;;;;;;;;;;;;;;
['agile'; ' analyst'; ' developer'; ' development'; ' genetic'; ' intern'; ' management'; ' project'; ' security'];;;;;;;;;;;;;;;;;;;
['algorithms'; ' analysis'; ' analytical skills'; ' data mining'; ' data modeling'; ' development'; ' java'; ' linux'; ' modeling'; ' perl'; ' physics'; ' programming'; ' sql'; ' testing'; ' unix'; ' xml'];;;;;;;;;;;;
['.net'; ' algorithms'; ' analysis'; ' asp'; ' asp.net'; ' automated'; ' c#'; ' css'; ' data analysis'; ' database'; ' data collection'; ' development'; ' jquery'; ' management'; ' mathematical'; ' modeling'; ' oracle'; ' programming'; ' python'; ' sas'; ' ups'; ' validation'];;;;;;
['phd required'; ' hadoop'; ' hive'; ' spark'; ' qlikview'];;;;;;;;;;;;;;;;;;;;;;;
['machine learning'; ' data science'; ' software development'; ' python'; ' sql'; ' algorithms'; ' ecommerce'; ' ai'];;;;;;;;;;;;;;;;;;;;
[''];;;;;;;;;;;;;;;;;;;;;;;;;;;
['ms in statistics or analytics'; ' programming in r'; ' sas or pytho'];;;;;;;;;;;;;;;;;;;;;;;;;
['architecture'; ' data collection'; ' git'; ' hadoop'; ' http'; ' python'; ' scientific'; ' scrum'; ' sql'];;;;;;;;;;;;;;;;;;;
['agile'; ' algorithms'; ' analysis'; ' architecture'; ' database'; ' data mining'; ' development'; ' hadoop'; ' html'; ' java'; ' middleware'; ' modeling'; ' mongodb'; ' mysql'; ' mysql'; ' physics'; ' programming'; ' project'; ' python'; ' quality assurance'; ' research'; ' sql'; ' sql server'; ' statistical analysis'; ' supply chain'];;;
['python'; ' data modelling'; ' predictive model'];;;;;;;;;;;;;;;;;;;;;;;;;
[''];;;;;;;;;;;;;;;;;;;;;;;;;;;
['data analytics'; ' python or r'];;;;;;;;;;;;;;;;;;;;;;;;;;
['algorithms'; ' programming'; ' python'; ' research'; ' sql'];;;;;;;;;;;;;;;;;;;;;;;
['analysis'; ' c++'; ' development'; ' java'; ' project'; ' python'; ' research'; ' sas'; ' statistical analysis'];;;;;;;;;;;;;;;;;;;
['ms/phd'; ' sql'; ' python'; ' numpy'; ' scipy'; ' mapreduce'; ' neural'];;;;;;;;;;;;;;;;;;;;;
['data scientist'];;;;;;;;;;;;;;;;;;;;;;;;;;;
['experience with nlp technologies/data science in a clinical background'; 'experience with nlp technologies/data science in a clinical background'; 'expert level understanding of the umls'];;;;;;;;;;;;;;;;;;;;;;;;;
['management'; ' risk management'];;;;;;;;;;;;;;;;;;;;;;;;;;
['machine learning'; ' data science'; ' tensor flow'; ' cnn'; ' rnn'; ' nlp'];;;;;;;;;;;;;;;;;;;;;;
['lead data scientist - high growth startup - nyc - 160k+'];;;;;;;;;;;;;;;;;;;;;;;;;;;
['python'; ' tensorflow'; ' c#'; ' r'; ' keras'; ' rdbms - python'; ' tensorflow'; ' c#'; ' r'; ' keras'; ' rdbms'];;;;;;;;;;;;;;;;;
['algorithms'; ' analysis'; ' data analysis'; ' data mining'; ' excel'; ' git'; ' management'; ' modeling'; ' powerpoint'; ' programming'; ' project'; ' python'; ' research'; ' sas'; ' sales'; ' shell scripting'; ' sql'; ' supervision'; ' unix'; ' version control'];;;;;;;;
['agile'; ' analysis'; ' database'; ' manager'; ' olap'; ' programming'; ' python'; ' research'; ' scrum'; ' sql'];;;;;;;;;;;;;;;;;;
['big data'; ' hadoop'; ' machine learning'];;;;;;;;;;;;;;;;;;;;;;;;;
['big data'; ' adtech'; ' hadoop'; ' scala'; ' spark - big data'; ' adtech'; ' hadoop'; ' scala'; ' spark'];;;;;;;;;;;;;;;;;;;
['algorithms'; ' analysis'; ' artificial intelligence'; ' automated'; ' modeling'; ' project'; ' security'; ' statistical analysis'; ' testing'];;;;;;;;;;;;;;;;;;;
['data scientist'];;;;;;;;;;;;;;;;;;;;;;;;;;;
['algorithms'; ' analysis'; ' analytical skills'; ' artificial intelligence'; ' business intelligence'; ' data analysis'; ' excel'; ' management'; ' microsoft excel'; ' modeling'; ' programming'; ' python'; ' research'; ' sas'; ' scripts'; ' sql'; ' tibco'; ' vba'; ' visual basic'];;;;;;;;;
['r'; ' sas'; ' spss'; ' stata'; ' data mining'; ' machine learning'; ' biostatistics - r'; ' sas'; ' spss'; ' stata'; ' data mining'; ' machine learning'; ' biostatistics'];;;;;;;;;;;;;;;
['algorithms'; ' architecture'; ' automated'; ' consulting'; ' database'; ' development'; ' java'; ' jenkins'; ' python'; ' research'; ' scripts'];;;;;;;;;;;;;;;;;
['modeling'; ' statistical analysis and data driven insights'; ' r'; ' python'; ' sas '; ' logistic regression'; ' clustering '; ' chaid'; ' random forests'; ' svm'; ' naive bayes classifier'; ' neural network.'];;;;;;;;;;;;;;;;
['algorithms'; ' analysis'; ' data modeling'; ' development'; ' embedded'; ' hadoop'; ' http'; ' java'; ' modeling'; ' oop'; ' python'; ' research'; ' sas'; ' sql'; ' wireless'];;;;;;;;;;;;;
['erwin r7.0'; ' microsoft azure'; ' java'; ' azure sql data warehouse'; ' sql server'; ' machine learning (aml)python'; ' integration service (ssis)'; ' analysis service (ssas)'; ' reporting service (ssrs)'; ' data science'];;;;;;;;;;;;;;;;;;
['data scientist'; ' machine learning'; ' python'];;;;;;;;;;;;;;;;;;;;;;;;;
['r'; ' python'; ' javascript'; ' c'; ' java'; ' sql'; ' data scientist'; ' machine learning'; ' data engineer'; ' hadoop'; ' hive'; ' snowflake'; ' pig'; ' scala'; ' pyspark'];;;;;;;;;;;;;
['sas'; ' r'; ' predictive analytics'; ' statistics'; ' statistical diagnostics of models'; ' model building'; ' large data sets'; ' sql'; ' python'; ' regression/logistic regression - sas'; ' r'; ' predictive analytics'; ' statistics'; ' statistical diagnostics of models'; ' model building'; ' large data sets'; ' sql'; ' python'; ' regression/logistic regression'];;;;;;;;;
['python'; ' data science'];;;;;;;;;;;;;;;;;;;;;;;;;;
['r'; ' python'; ' hadoop'; ' hive'; ' pricing'; ' underwriting'; ' marketing'; ' distribution'; ' claims'; ' operations - r'; ' python'; ' hadoop'; ' hive'; ' pricing'; ' underwriting'; ' marketing'; ' distribution'; ' claims'; ' operations'];;;;;;;;;
['big data'; ' bigdata'; ' hadoop'; ' mllib'; ' scala'; ' machine learning'; ' nlp'];;;;;;;;;;;;;;;;;;;;;
['access'; ' database'; ' etl'; ' olap'; ' power bi'; ' data scientist'; ' dax'; ' microsoft'; ' excel'];;;;;;;;;;;;;;;;;;;
['python and ('];;;;;;;;;;;;;;;;;;;;;;;;;;;
['agile'; ' algorithms'; ' analysis'; ' automated'; ' consulting'; ' data analysis'; ' data mining'; ' http'; ' matlab'; ' networks'; ' testing'];;;;;;;;;;;;;;;;;
['supply chain'; 'strategic planning '; 'data analysis'; 'reporting '; '\t financial'; ' operating'; 'marketing'; '\t spend analysis'; ' trend analysis'; ' data mining'; '\t ad hoc reporting'; 'supplier campaign tracking'; ' \t small business'];;;;;;;;;;;;;;;
['experience using statistical computer languages (r'; ' python'; ' slq'; ' etc.) to manipulate data and draw insights from large data sets.'];;;;;;;;;;;;;;;;;;;;;;;;
['data analytics'; ' data sciences'; ' mathematics'; ' statistics or data modeling'];;;;;;;;;;;;;;;;;;;;;;;;
['analysis'; ' analytical'; ' data mining'; ' director'; ' excel'; ' it'; ' mathematical'; ' programming'; ' python'; ' sas'; ' sql'; ' vba'];;;;;;;;;;;;;;;;
['machine learning'; ' deep learning'; ' tensorflow'; ' nlp'; ' image processing'];;;;;;;;;;;;;;;;;;;;;;;
['data'; ' scientist'; ' rwd'];;;;;;;;;;;;;;;;;;;;;;;;;
['must have skills:  data science  python  sas'];;;;;;;;;;;;;;;;;;;;;;;;;;;
['algorithm'; ' analysis'; ' consulting'; ' database'; ' data mining'; ' development'; ' management'; ' metrics'; ' modeling'; ' physics'; ' programming'; ' python'; ' research'; ' risk management'; ' sql'; ' statistical analysis'; ' testing'];;;;;;;;;;;
[''];;;;;;;;;;;;;;;;;;;;;;;;;;;
['machine learning and statistical modeling techniques'; ' python'; ' r'; ' or other scripting languages'; ' (toolkits like pandas'; ' numpy'; ' etc.) gcp or other cloud platforms'];;;;;;;;;;;;;;;;;;;;;
['1. python 2. nlp 3. deep learning'];;;;;;;;;;;;;;;;;;;;;;;;;;;
['kafka'; ' spark'; ' presto - kafka'; ' spark'; ' presto'];;;;;;;;;;;;;;;;;;;;;;;
['chief data scientist'];;;;;;;;;;;;;;;;;;;;;;;;;;;
['sql tableau marketing analysis'];;;;;;;;;;;;;;;;;;;;;;;;;;;
['s3'; ' redshift'; ' etl'; ' sql'; ' aws'; 'ec2'; ' emr'; ' rds'; 'bigdata'];;;;;;;;;;;;;;;;;;;
['data analyst'; ' data engineer'; ' data scientist'; ''];;;;;;;;;;;;;;;;;;;;;;;;
['data analytics'; ' data mining'; ' data modeling and hypothesis generation'; ' sap isu'; ' crm'; ' business objects'];;;;;;;;;;;;;;;;;;;;;;
['data analyst and capacity and visualization and sql and azure'];;;;;;;;;;;;;;;;;;;;;;;;;;;
['python'; ' sql'; ' machine learning'];;;;;;;;;;;;;;;;;;;;;;;;;
['agile'; ' analysis'; ' business objects'; ' c++'; ' cognos'; ' consulting'; ' data mining'; ' development'; ' excel'; ' html'; ' http'; ' javascript'; ' jquery'; ' libraries'; ' microstrategy'; ' modeling'; ' oracle'; ' postgresql'; ' project'; ' python'; ' recruiter'; ' research'; ' sql'; ' supervision'; ' ux'; ' visual basic'];;
['r required;;;;;;;;;;;;;;;;;;;;;;;;;;;
['analysis'; ' development'; ' ms office'; ' project'; ' python'; ' sql'];;;;;;;;;;;;;;;;;;;;;;
['algorithms'; ' analysis'; ' data analysis'; ' database'; ' data mining'; ' development'; ' excel'; ' foundation'; ' hadoop'; ' hardware'; ' java'; ' lifecycle'; ' modeling'; ' ms office'; ' networks'; ' nosql'; ' process reengineering'; ' project'; ' python'; ' reengineering'; ' sql'; ' supervision'; ' ups'];;;;;
[''];;;;;;;;;;;;;;;;;;;;;;;;;;;
['analysis'; ' data warehouse'; ' development'; ' iterative'; ' iterative development'; ' modeling'; ' physics'; ' python'; ' research'; ' sql'; ' statistical analysis'];;;;;;;;;;;;;;;;;
['data scientist'; ' critical thinking'; ' python'; ' phd'; ' structured'; ' redshift - data scientist'; ' critical thinking'; ' python'; ' phd'; ' structured'; ' redshift'];;;;;;;;;;;;;;;;;
['data science python'; ' model development experience'; '  supply chain forecasting'; ' machine learning jda software'];;;;;;;;;;;;;;;;;;;;;;;;
['algorithms'; ' analysis'; ' automated'; ' data analysis'; ' modeling'; ' programming'; ' sgml'];;;;;;;;;;;;;;;;;;;;;
['programming in r'; ' sas or python'];;;;;;;;;;;;;;;;;;;;;;;;;;
['machine learning'; ' ai & cognitive technology'; ' nlp and text analytics'; ' numerical optimization'; ' stochastic simulation'; ' and behavioral modeling and simulation for bfs/retail'];;;;;;;;;;;;;;;;;;;;;;
['biostatistics'; ' data mining'; ' nlp'; ' machine learning'; ' python'; ' java or c++'];;;;;;;;;;;;;;;;;;;;;;
['nlp(natural language processing) git r matlab'];;;;;;;;;;;;;;;;;;;;;;;;;;;
['claims'];;;;;;;;;;;;;;;;;;;;;;;;;;;
['analysis'; ' quantitative business problem solving'; ' solutions implementation'; ' operations analysis'; ' marketing analysis'; ' simulation development and/or predictive analytics'];;;;;;;;;;;;;;;;;;;;;;
['statistical analysis'; ' data science'; ' data design'; ' sql'; ' nosql'; ' machine learning'; ' statistical analysis'; ' java'; ' python'; ' scala'; ' r'; ' aws'; ' redshift'; ' sagemaker'; ' comprehend'];;;;;;;;;;;;;
['data science'; ' machine learning'; ' data analysis'; ' statistics'; ' python'; ' java'; ' computational physics - data science'; ' machine learning'; ' data analysis'; ' statistics'; ' python'; ' java'; ' computational physics'];;;;;;;;;;;;;;;
['data warehouse'; ' programming'; ' python'];;;;;;;;;;;;;;;;;;;;;;;;;
['data science'; ' python'; ' sql'; ' nlp - data science'; ' python'; ' sql'; ' nlp'];;;;;;;;;;;;;;;;;;;;;
['o advanced applied statistics skills'; ' including distributions'; ' statistical testing'; ' regression'; ' etc. o excellent understanding of fundamental machine learning techniques and algorithms'; ' such as k-nn'];;;;;;;;;;;;;;;;;;;;;;
['data science'; ' python'; ' machine learning algorithms'; ' teaching technical concepts - data science'; ' python'; ' machine learning algorithms'; ' teaching technical concepts'];;;;;;;;;;;;;;;;;;;;;
['data science'; ' python'; ' r'; ' sql'; ' agile'];;;;;;;;;;;;;;;;;;;;;;;
['analysis'; ' analyst'; ' architecture'; ' database'; ' programming'; ' research'; ' sas'; ' security'];;;;;;;;;;;;;;;;;;;;
['agile'; ' architecture'; ' business objects'; ' cgi'; ' data architecture'; ' data warehouse'; ' development'; ' genetic'; ' hadoop'; ' nosql'; ' olap'; ' oracle'; ' recruiter'; ' sas'; ' security'];;;;;;;;;;;;;
['python or r'; '  sql'; ' numpy'; ' pandas'; ' scipy'; ' scikit-learn data visualization (matplotlib'; ' seaborn'; ' etc) and analysis tools ( tableau'; ' modeanalytics'; ' etc.) amazon web services (aws)'; ' redshift is a plus.'];;;;;;;;;;;;;;;;;
['spark'; ' sql'; ' python'; ' apache zeppelin'; ' elastic search'; ' data science'; ' http'];;;;;;;;;;;;;;;;;;;;;
['data scientist'; ' predictive modeling'; ' r'; ' sql server'; ' tableau'];;;;;;;;;;;;;;;;;;;;;;;
['data mining'; ' sql'; ' agile environment'; ' ssps modeler experience'; ' teradata'; ' tableau'; ' data modeling for analytics'; ' big data management/concepts'; ' python'; ' agile work environment - data mining'; ' sql'; ' agile environment'; ' ssps modeler experience'; ' teradata'; ' tableau'; ' data modeling for analytics'; ' big data management/concepts'; ' python'; ' agile work environment'];;;;;;;;;
['python'; ' scala'; ' sql'; ' spark'; ' redshift'; ' glm'; ' mixed effects'; ' machine learning - python'; ' scala'; ' sql'; ' spark'; ' redshift'; ' glm'; ' mixed effects'; ' machine learning'];;;;;;;;;;;;;
['data scientist'; ' r'; ' sql'; ' python'; ' machine learning'];;;;;;;;;;;;;;;;;;;;;;;
['agile'; ' analyst'; ' development'; ' hadoop'; ' metrics'; ' programming'; ' python'; ' scripts'; ' testing'; ' test plan'; ' validation'];;;;;;;;;;;;;;;;;
['data science'; ' sql'; ' python'; 'tensorflow'; ' statistics'; ' data analytics'; 'statistics'; ' machine learning'; ' algorithm'; ' machine learning'];;;;;;;;;;;;;;;;;;
['algorithms'; ' analysis'; ' artificial intelligence'; ' astronomy'; ' biology'; ' css'; ' data analysis'; ' data mining'; ' development'; ' hardware'; ' manager'; ' mathematical'; ' physics'; ' programming'; ' research'; ' scientific'; ' security'; ' statistical analysis'; ' testing'];;;;;;;;;
['agile'; ' case'; ' database'; ' data modeling'; ' data warehouse'; ' dba'; ' development'; ' erwin'; ' hadoop'; ' linux'; ' modeler'; ' modeling'; ' python'; ' scrum'; ' shell scripting'; ' sql'; ' testing'; ' unix'];;;;;;;;;;
['algorithms'; ' analysis'; ' analytical skills'; ' apache'; ' artificial intelligence'; ' automated'; ' data analysis'; ' development'; ' java'; ' linux'; ' nosql'; ' physics'; ' programming'; ' research'; ' scripts'; ' security'; ' testing'; ' unix'; ' version control'];;;;;;;;;
['machine learning'; 'r'; 'python'; ' sql'; 'predictive modelling'; ' sql'; ' aws'; 'java'];;;;;;;;;;;;;;;;;;;;
['r'; ' python'; ' spark'; ' java'; ' scala'; ' microservices'; ' sql'; ' nosql'; ' mongodb'; ' hadoop'; ' agile'; ' git'; ' bitbucket'; ' tdd'; ' test'; ' cloud'; ' data'; ' visualization'; ' marketing'; ' kaggle'; ''];;;;;;;
['spark'; ' python'; ' pandas'; ' numpy'; ' scipy'; ' scikit'; ' go'; ' machine learning'; ' xgboost'; ' golang - spark'; ' python'; ' pandas'; ' numpy'; ' scipy'; ' scikit'; ' go'; ' machine learning'; ' xgboost'; ' golang'];;;;;;;;;
['data scientist'; ' machine learning'; ' r'; ' python'; ' sparks'; ' predictive model'; ' algorithm'];;;;;;;;;;;;;;;;;;;;;
['sql'; ' tableau'];;;;;;;;;;;;;;;;;;;;;;;;;;
['operations research'; ' bayesian hierarchical modeling'; ' machine learning'; ' statistical regression'; ' python'; ' c++ - operations research'; ' bayesian hierarchical modeling'; ' machine learning'; ' statistical regression'; ' python'; ' c++'];;;;;;;;;;;;;;;;;
['finance '; ' sql '; ' statistics '; ' critical thinking '; ' sas'; ' matlab'; ' r'; ' wps or spss or python prefer: sql server'; ' tableu'; ' cognos'; ' business objects'; ' looker'; ' data warehouse reporting'];;;;;;;;;;;;;;;
['financial data experience'; ' natural programmer'; ' statistics/data modeling'; ' fintech'; ' asset mgmt/electronic trading'; ' cfa a plus'];;;;;;;;;;;;;;;;;;;;;;
['deep learning and machine learning and research and statistical models and (python'; ' scala or c++)'];;;;;;;;;;;;;;;;;;;;;;;;;;
['data science'; ' python'; ' sql'];;;;;;;;;;;;;;;;;;;;;;;;;
['data scientist'; ' python'; ' model development experience'; '  machine learning'; ' jda software'];;;;;;;;;;;;;;;;;;;;;;;
['mdm analyst'; ' data analyst'; ' data scientist'; ' master data management analyst'];;;;;;;;;;;;;;;;;;;;;;;;
['forecast'; ' report'; ' python'; ' r'];;;;;;;;;;;;;;;;;;;;;;;;
['data science'; ' r'; ' python'; ' machine learning'; ' sql'; ' aws'; ' gcp'; ' azure - data science'; ' r'; ' python'; ' machine learning'; ' sql'; ' aws'; ' gcp'; ' azure'];;;;;;;;;;;;;
['bs/ms in computer science'; ' computer engineering'; ' data science'; ' statistics or data mining disciplines5+ years experience as a data scientist (or equivalent role) applying statistical models'; ' machine learning and supervised machine learning to cybersecurity or fraud detectionworking knowledge of security detection tools'; ' logging systems'; ' networking architecture'; ' cloud infrastructure and threat intelligenceexperience with data visualization and programming languages'; ' including python'; ' r'; ' scala or javaexperience driving research and early stage projects to production implementationcreative approach to problem solving and using leading edge tools to build innovative solutionsteam player with strong desire to learn'; ' share knowledge and build a world class security platform'];;;;;;;;;;;;;;;;
['full stack'; ' cassandra'; ' elasticsearch'; ' solr'; ' data scientist'; ' python'; ' machine learning'; ' r'; ' data mining'; ' sql - full stack'; ' cassandra'; ' elasticsearch'; ' solr'; ' data scientist'; ' python'; ' machine learning'; ' r'; ' data mining'; ' sql'];;;;;;;;;
['java'; ' node.js'; ' postgres'; ' cassandra'; ' rabbitmq'];;;;;;;;;;;;;;;;;;;;;;;
['etl;;;;;;;;;;;;;;;;;;;;;;;;;;;
['machine learning'; ' tensorflow'; ' statistical/machine learning algorithms - machine learning'; ' tensorflow'; ' statistical/machine learning algorithms'];;;;;;;;;;;;;;;;;;;;;;;
['data analytics'; ' python/r'];;;;;;;;;;;;;;;;;;;;;;;;;;
['algorithms'; ' analysis'; ' analyst'; ' automated'; ' bioinformatics'; ' business objects'; ' data mining'; ' excel'; ' mathematical'; ' programmer'; ' programming'; ' project'; ' sas'; ' sql'];;;;;;;;;;;;;;
['applied research'; ' automated'; ' development'; ' intern'; ' labeling'; ' metrics'; ' project'; ' research'; ' security'; ' software engineer'];;;;;;;;;;;;;;;;;;
['pl/sql'; ' shell scripting'; ' hadoop'; ' hive'; ' spark'];;;;;;;;;;;;;;;;;;;;;;;
['(data scientist ) and (data analysis or running data pipelines ) and(machine learning or matlab ) and(python )'];;;;;;;;;;;;;;;;;;;;;;;;;;;
['big data science'; ' hadoop'; ' pyspark'; ' python (including numpy'; ' scipy & pandas)'; ' java'; ' bash/shell'; ' etl'; ' hive'; ' sql (oracle'; ' mysql'; ' postgres) kafka'];;;;;;;;;;;;;;;;
['python'; ' r'; ' c++'; ' mysql'; ' postgresql'; ' spark'; ' hadoop'; ' hbase'; ' gpu'; ' hive - python'; ' r'; ' c++'; ' mysql'; ' postgresql'; ' spark'; ' hadoop'; ' hbase'; ' gpu'; ' hive'];;;;;;;;;
['python'; ' r'; ' java'; ' scalanltk'; ' spacy'; ' stanford'; ' corenlp'];;;;;;;;;;;;;;;;;;;;;
['data scientist'; ' python'];;;;;;;;;;;;;;;;;;;;;;;;;;
['data scientist'; ' python'; ' numpy'; ' pandas'];;;;;;;;;;;;;;;;;;;;;;;;
['python'; ' r'; ' sql'; ' linux'; ' tensorflow'; ' pandas'; ' anaconda - python'; ' r'; ' sql'; ' linux'; ' tensorflow'; ' pandas'; ' anaconda'];;;;;;;;;;;;;;;
['algorithm'; ' algorithms'; ' css'; ' development'; ' flash'; ' html'; ' linux'; ' perl'; ' python'; ' software engineer'; ' unix'];;;;;;;;;;;;;;;;;
['python'; ' backend coding'; ' aws'; ' s3'; ' lambda functions'; ' dynamodb'];;;;;;;;;;;;;;;;;;;;;;
['sql'; ' statistics'; ' econometrics'; ' regressions'; ' hypothesis testing'; ' python'; ' r'; ' etl'; ' large data sets'; ' experimental design - sql'; ' statistics'; ' econometrics'; ' regressions'; ' hypothesis testing'; ' python'; ' r'; ' etl'; ' large data sets'; ' experimental design'];;;;;;;;;
['data scientist level 1 experience with data sets'; ' structured and unstructured data'; ' machine learning'; ' predictive modeling'];;;;;;;;;;;;;;;;;;;;;;;;
['agile'; ' architecture'; ' database'; ' developer'; ' linux'; ' management'; ' nosql'; ' oracle'; ' postgresql'; ' scrum'; ' security'; ' sql'; ' sql server'; ' testing'];;;;;;;;;;;;;;
['agile'; ' analysis'; ' architecture'; ' development'; ' scrum'; ' testing'];;;;;;;;;;;;;;;;;;;;;;
['sas'; ' r'; ' predictive analytics'; ' statistics'; ' statistical diagnostics of models'; ' model building'; ' large data sets'; ' sql'; ' python'; ' regression/logistic regression - sas'; ' r'; ' predictive analytics'; ' statistics'; ' statistical diagnostics of models'; ' model building'; ' large data sets'; ' sql'; ' python'; ' regression/logistic regression'];;;;;;;;;
['java'; ' c++'; ' python'; ' php'; ' javascript'; ' sql'; ' matlab'; ' linux os'; ' atlassian'];;;;;;;;;;;;;;;;;;;
['data scientist'; ' python'; ' machine learning'; ' random forest'; ' nlp'; ' neuro networks'; ' ai'; ' r'];;;;;;;;;;;;;;;;;;;;
[''];;;;;;;;;;;;;;;;;;;;;;;;;;;
['data scientist'; ' algorithms'; ' visualization'; ' tableau'; ' sas'; ' python'; ' r'; ' java'; ' google'; ' azure'; ' netezza'; ' cloundera'; ' mongo'; ' hadoop hbase'; ' vertica'; ' linear'; ' xgboot'; ' modeling'; ' wrangle'; ' informatica'];;;;;;;;
['python'; ' r'; ' sql'; ' machine learning'; ' julia'; ' apache spark - python'; ' r'; ' sql'; ' machine learning'; ' julia'; ' apache spark'];;;;;;;;;;;;;;;;;
['data architect - r'; ' python'; ' stats'; ' ai'];;;;;;;;;;;;;;;;;;;;;;;;
['marketing analytics'; ' quantitative modeling'; ' statistical modeling'; ' sql'; ' r'; ' python'; ' google analytics'; ' tableau'; ' lead generation'; ' full funnel analytics - marketing analytics'; ' quantitative modeling'; ' statistical modeling'; ' sql'; ' r'; ' python'; ' google analytics'; ' tableau'; ' lead generation'; ' full funnel analytics'];;;;;;;;;
['data science and implementations in python'; 'etl and big data platforms'];;;;;;;;;;;;;;;;;;;;;;;;;;
['machine-learning'; ' aws'; ' linux'; ' python.'];;;;;;;;;;;;;;;;;;;;;;;;
['3+ years experience doing data science with r and python in a professional'; ' team setting (including git & unit testing)'];;;;;;;;;;;;;;;;;;;;;;;;;;
['statistics'; ' python'; ' perl'; ' hadoop'];;;;;;;;;;;;;;;;;;;;;;;;
['apache'; ' automated'; ' case'; ' database'; ' data warehouse'; ' development'; ' java'; ' linux'; ' management'; ' python'; ' sybase'; ' teradata'; ' testing'; ' unix'];;;;;;;;;;;;;;
['analysis'; ' architecture'; ' business requirements'; ' computer'; ' engineer'; ' engineering'; ' java'; ' linux'; ' management'; ' metrics'; ' performance'; ' project'; ' project management'; ' quality'; ' software'; ' sql'; ' systems'];;;;;;;;;;;
['data science'; ' statistics'; ' applied mathematics'; ' big data'; ' r'; ' scala'; ' java'; ''];;;;;;;;;;;;;;;;;;;;
['algorithms'; ' data mining'; ' development'; ' director'; ' genetic'; ' java'; ' lifecycle'; ' management'; ' modeling'; ' physics'; ' programming'; ' project'; ' python'; ' research'; ' testing'];;;;;;;;;;;;;
['experience with machine learning'; ' deep learning'; ' computer vision or developing software libraries that abstract/encapsulate custom hardware devices.'];;;;;;;;;;;;;;;;;;;;;;;;;
['sql and data visualization software'];;;;;;;;;;;;;;;;;;;;;;;;;;;
['architecture'; ' consulting'; ' foundation'; ' hadoop'; ' java'; ' management'; ' programming'; ' project'; ' python'; ' sales'; ' sql'];;;;;;;;;;;;;;;;;
['analysis'; ' artificial intelligence'; ' data analysis'; ' development'; ' director'; ' genetic'; ' hadoop'; ' management'; ' modeling'; ' project'; ' research'; ' sas'; ' sql'; ' statistical analysis'];;;;;;;;;;;;;;
['python'; ' r'; ' data analysis'; ' data mining'; ' algorithms'; ' modeling - python'; ' r'; ' data analysis'; ' data mining'; ' algorithms'; ' modeling'];;;;;;;;;;;;;;;;;
['algorithms'; ' development'; ' java'; ' networks'; ' python'; ' research'; ' security'];;;;;;;;;;;;;;;;;;;;;
['machine learning'; ' ai'; ' modeling'; ' r'; ' python - machine learning'; ' ai'; ' modeling'; ' r'; ' python'];;;;;;;;;;;;;;;;;;;
['data scientist'];;;;;;;;;;;;;;;;;;;;;;;;;;;
['data scientist '; 'predictive modeling'; ' machine learning'];;;;;;;;;;;;;;;;;;;;;;;;;
['data scientist machine learning statistical modeling database data python r cloud'];;;;;;;;;;;;;;;;;;;;;;;;;;;
['(machine learning ) and (artificial intelligence ) and (rafa )'];;;;;;;;;;;;;;;;;;;;;;;;;;;
['data scientist machine learning'];;;;;;;;;;;;;;;;;;;;;;;;;;;
['agile'; ' analyst'; ' developer'; ' development'; ' genetic'; ' intern'; ' management'; ' project'; ' security'];;;;;;;;;;;;;;;;;;;
['data'; ' data scientist'; ' java'; ' big data storage'; ' accumulo'; ' cloudbase'; ' hbase'; ' bigtable'; ' apache spark'; ' mapreduce'; ' programming'; ''];;;;;;;;;;;;;;;;
['data science'; ' python'; ' spark'; ' pandas'; ' numpy'];;;;;;;;;;;;;;;;;;;;;;;
['data scientist'];;;;;;;;;;;;;;;;;;;;;;;;;;;
['enterprise architect'; ' public cloud'; ' infrastructure/platform design'; ' cloud/analytics'; ' cloud enablement/deployment'; ' docker'; ' kubernates'; ' aws'; ' azure'; ' google'; ' automation'; ' terraform'; ' ansible'; ' puppet'; ' chef'];;;;;;;;;;;;;
['python'; ' sql'; ' data visualization'; ' quantitative and mathematical proficiency'];;;;;;;;;;;;;;;;;;;;;;;;
['analysis'; ' artificial intelligence'; ' excel'; ' genetic'; ' management'; ' modeling'; ' python'; ' sas'; ' sql'];;;;;;;;;;;;;;;;;;;
['data science'; ' data scientist'; ' claims data'; ' healthcare'; ' healthcare analytics'; ' sas'; ''];;;;;;;;;;;;;;;;;;;;;
['data science analytics networks machine learning tensorflow'];;;;;;;;;;;;;;;;;;;;;;;;;;;
['business services general'];;;;;;;;;;;;;;;;;;;;;;;;;;;
['management'; ' risk management'];;;;;;;;;;;;;;;;;;;;;;;;;;
['data scientist'; ' r programming'; ' etl'; ' machine learning'; ' artificial intelligence'];;;;;;;;;;;;;;;;;;;;;;;
['sql'; ' python'; ' data analysis'; ' java'; ' apache hadoop'; ' machine learning'; ' amazon web services'];;;;;;;;;;;;;;;;;;;;;
['python'; ' sql'; ' pandas'; ' bigquery'; ' tableau - python'; ' sql'; ' pandas'; ' bigquery'; ' tableau'];;;;;;;;;;;;;;;;;;;
['analysis'; ' case'; ' consulting'; ' data analysis'; ' data mining'; ' development'; ' hadoop'; ' http'; ' java'; ' python'; ' research'; ' sql'; ' statistical analysis'];;;;;;;;;;;;;;;
['data'; ' analytics'; ' machine learning'; ' python'; ' r'; ' data mining'; ' hadoop - data'; ' analytics'; ' machine learning'; ' python'; ' r'; ' data mining'; ' hadoop'];;;;;;;;;;;;;;;
['intern'; ' java'; ' linux'; ' object oriented programming'; ' programming'; ' python'; ' security'; ' unix'];;;;;;;;;;;;;;;;;;;;
['algorithms'; ' business requirements'; ' database'; ' genetic'; ' mathematical'; ' modeling'; ' networks'; ' physics'; ' project'; ' python'; ' research'];;;;;;;;;;;;;;;;;
['.net'; ' analyst'; ' asp'; ' asp.net'; ' business requirements'; ' developer'; ' development'; ' sdlc'; ' sql'; ' sql server'; ' testing'; ' web developer'];;;;;;;;;;;;;;;;
['datarobot for quick implementation of ai/ml'];;;;;;;;;;;;;;;;;;;;;;;;;;;
['data scientist'; ' algorithms'; ' data warehouse'];;;;;;;;;;;;;;;;;;;;;;;;;
['algorithms'; ' development'; ' director'; ' genetic'; ' hadoop'; ' java'; ' physics'; ' python'; ' reengineering'; ' research'; ' scientific'; ' sql'];;;;;;;;;;;;;;;;
['machine learning'; ' python'; ' tableau'; ' hadoop'; ' r'; ' large data set organization & analytics'; ' statistical modeling'; ' algorithmic development'; ' data visualizations & reporting'; ' automation - machine learning'; ' python'; ' tableau'; ' hadoop'; ' r'; ' large data set organization & analytics'; ' statistical modeling'; ' algorithmic development'; ' data visualizations & reporting'; ' automation'];;;;;;;;;
['data science'; ' data analysis'; ' machine learning'; ' risk management'];;;;;;;;;;;;;;;;;;;;;;;;
['algorithms'; ' analysis'; ' data modeling'; ' development'; ' embedded'; ' hadoop'; ' intern'; ' java'; ' modeling'; ' oop'; ' python'; ' research'; ' sas'; ' sql'; ' wireless'];;;;;;;;;;;;;
['pythin'; ' java'; ' mongodb'];;;;;;;;;;;;;;;;;;;;;;;;;
['sql server'; ' java'; ' analytics'; ' nosql'; ' hadoop'; ' python'; ' hive'; ' r'; ' data analysis - sql server'; ' java'; ' analytics'; ' nosql'; ' hadoop'; ' python'; ' hive'; ' r'; ' data analysis'];;;;;;;;;;;
['data science'; ' python'; ' sql'; ' nlp - data science'; ' python'; ' sql'; ' nlp'];;;;;;;;;;;;;;;;;;;;;
['see job description'];;;;;;;;;;;;;;;;;;;;;;;;;;;
['r'; ' python'; ' machine learning'; ' nlp'; ' big data'; ' hdfs'; ' hadoop'; ' pig'; ' hive'; ' building predictive models - r'; ' python'; ' machine learning'; ' nlp'; ' big data'; ' hdfs'; ' hadoop'; ' pig'; ' hive'; ' building predictive models'];;;;;;;;;
['sql python etl'];;;;;;;;;;;;;;;;;;;;;;;;;;;
['data scientist'; ' python'; ' r'];;;;;;;;;;;;;;;;;;;;;;;;;
['.net'; ' algorithms'; ' analysis'; ' consulting'; ' data mining'; ' development'; ' foundation'; ' hadoop'; ' http'; ' java'; ' manager'; ' management'; ' metrics'; ' python'; ' research'; ' sas'];;;;;;;;;;;;
['expertise/experience working on cloud platforms - pivotal cloud foundry and public cloud aws/azure/google cloud.'];;;;;;;;;;;;;;;;;;;;;;;;;;;
['algorithms'; ' machine learning'; ' r/python'];;;;;;;;;;;;;;;;;;;;;;;;;
['data scientists and data analysts with u.s. citizenship required and able to obtain a top secret or secret clearance'];;;;;;;;;;;;;;;;;;;;;;;;;;;
['algorithms'; ' analysis'; ' artificial intelligence'; ' data analysis'; ' data mining'; ' data modeling'; ' director'; ' genetic'; ' hadoop'; ' modeling'; ' physics'; ' project'; ' python'; ' research'; ' sql'];;;;;;;;;;;;;
['algorithms'; ' analysis'; ' artificial intelligence'; ' data analysis'; ' data mining'; ' modeling'; ' oracle'; ' sales'; ' sql'; ' sql server'; ' statistical analysis'; ' teradata'];;;;;;;;;;;;;;;;
['predictive modeling'; ' machine learning'; ' java'; ' c'; ' python'; ' perl'; ' ruby'; ' scala'; ' pyspark'; ' pandas'; ' spss'; ' r'; ' python'];;;;;;;;;;;;;;;
['data scientist'; ' data mining'; ' phd'; ' big data'; ' machine learning - data scientist'; ' data mining'; ' phd'; ' big data'; ' machine learning'];;;;;;;;;;;;;;;;;;;
['direct analytics'; ' statistics'; ' u.s. travel agency'; ' u.s. airline'; ' network planning'; ' yield management'; ' airline contracting - direct analytics'; ' statistics'; ' u.s. travel agency'; ' u.s. airline'; ' network planning'; ' yield management'; ' airline contracting'];;;;;;;;;;;;;;;
['principal data scientist skills: analytics - statistics - machine learning - ml - data models - big data - pricing revenue - retail - cloud - price optimization - r - python'];;;;;;;;;;;;;;;;;;;;;;;;;;;
['sas programming'; ' sas/stat'; ' sas enterprise miner'];;;;;;;;;;;;;;;;;;;;;;;;;
['agile'; ' c++'; ' civil'; ' database'; ' data collection'; ' development'; ' html'; ' java'; ' management'; ' php'; ' programming'; ' python'; ' release'; ' research'; ' robotics'; ' software engineer'; ' sql'];;;;;;;;;;;
['hiin analyst'; ' analytics'; ' tableau'];;;;;;;;;;;;;;;;;;;;;;;;;
['analysis'; ' business intelligence'; ' business requirements'; ' data collection'; ' hadoop'; ' java'; ' management'; ' metrics'; ' nosql'; ' project'; ' python'; ' sql'; ' supply chain'];;;;;;;;;;;;;;;
['data analysis'; ' data modeling'; ' sql server'; ' t-sql'; ' sprocs'; ' data science'; ' statistical analysis/modeling'];;;;;;;;;;;;;;;;;;;;;
['data scientist '; ' quantitative analyst'];;;;;;;;;;;;;;;;;;;;;;;;;;
['analytical techniques'; ' data manipulation/wrangling'; ' database concepts and sql'; '  ibm db2 and sql server'; ' ibm spss and sas tools'; ' data scientist'; ' r and/or python'];;;;;;;;;;;;;;;;;;;;;
